{
  "id" : 237,
  "status" : "Invalid",
  "summary" : "MapView block other UI elements to refresh",
  "labels" : [ "Type-Defect", "Priority-Medium" ],
  "stars" : 0,
  "commentCount" : 2,
  "comments" : [ {
    "id" : 0,
    "commenterId" : -5984646686102110212,
    "content" : "<b>What steps will reproduce the problem?</b>\n1. Instantiate the Mapview with other UI elements (here a class extending View, called Arrow) \r\n<b>2.</b>\n<b>3.</b>\n\r\n<b>What is the expected output? What do you see instead?</b>\nThe Arrow class should rotate, but does not. Its &quot;draw&quot; method is called once with the OSM MapView instead of being called constantly with GMaps (it works with GMaps).\r\n\r\n<b>What version of the product are you using? On what operating system?</b>\nosmdroid-android-3.0.4.jar and osmdroid-google-3.0.4.jar\r\n\r\n<b>Please provide any additional information below.</b>\n\r\n",
    "timestamp" : 1310026555,
    "attachments" : [ ]
  }, {
    "id" : 1,
    "commenterId" : 7646092065249173135,
    "content" : "It sounds like you need to invalidate your Arrow view as you animate it. The MapView will not do it for you.",
    "timestamp" : 1342730035,
    "attachments" : [ ]
  } ]
}nts":[]}]}