{
  "id" : 117,
  "status" : "New",
  "summary" : "view.getProjection() instance only valid during a specific view",
  "labels" : [ "Type-Enhancement", "Priority-Medium" ],
  "stars" : 0,
  "commentCount" : 2,
  "comments" : [ {
    "id" : 0,
    "commenterId" : -8015006813755621819,
    "content" : "<b>What steps will reproduce the problem?</b>\n\r\ngetProjection() returns null when nothing is drawn yet. I would like to have a valid reference that is usable as after a viewport on the map is established. \r\n\r\ngetProject() needs to be called after view changes and an old reference is invalid.\r\n\r\n<b>What is the expected output? What do you see instead?</b>\n\r\n\r\n<b>What version of the product are you using? On what operating system?</b>\nosmdroid-1.08.jar\r\n\r\n<b>Please provide any additional information below.</b>\n\r\n",
    "timestamp" : 1290804853,
    "attachments" : [ ]
  }, {
    "id" : 1,
    "commenterId" : 8937367184059112911,
    "content" : "",
    "timestamp" : 1294220547,
    "attachments" : [ ]
  } ]
}